imageID,Input.timeAlloted,Input.reward,Input.hitsAvailable,TLX,TLX_RAW,TLX_STD,TLX_RAW_STD,OverallEffort_mean,OverallEffort_sd,Answer.Q_COMPLEX_AVG,Answer.Q_COMPLEX_STD,Answer.Q_DIFFICULT_AVG,Answer.Q_DIFFICULT_STD
306OACM7G04QOX49OC3VEMIMU7KA8L, 44 minutes, 0.3, 2, 44.47, 41.83, 11.05, 7.20, 53.8, 16.8, 8.6, 3.97, 8.2, 3.19
30E2X49V611K26Z0IIHLB47CQY53NF, 60minutes, 0.01, 1, 17.20, 18.00, 14.21, 15.24, 25.8, 13.86, 3.2, 3.63, 3.2, 3.83
30E2X49V611K26Z0IIHLB47CQY63NG, 60minutes, 0.01, 1, 24.67, 23.00, 17.68, 15.09, 31, 14.42, 2.4, 3.21, 4.6, 3.91
30GUUI0R316PRKEN69AJEXY15MMBCT, 15minutes, 0.08, 3, 19.27, 19.50, 7.82, 7.21, 30.75, 19.09, 2, 1.41, 1.75, 1.26
319N3DB42B6LKGW48RIT1IUY6MJEPG, 45 minutes, 0.07, 3, 22.53, 18.17, 14.77, 12.21, 65.75, 56.33, 0.5, 0.58, 1.25, 1.5
31H4HIBP9AWNGDF6JZY7J01Z8LG5HP, 5 minutes, 0.08, 47, 40.53, 38.50, 16.37, 16.15, 44, 8.49, 3.25, 3.4, 4.5, 4.65
31QBDMKNDPO96CGOU6OI3UH1N96L85, 2 hours, 0.62, 1, 48.93, 49.83, 34.32, 36.22, 67.6, 21.02, 10.6, 7.89, 12.8, 7.05
31QOF9ABLNAV27TO4PXO0GLATWO1L1, 10 minutes, 0.45, 98, 38.40, 34.33, 18.04, 18.14, 57.6, 19.63, 8.2, 5.85, 7.2, 3.83
31R9JPCYP6DVE0AQVNO2QFRENFMWRA, 24 hours, 0.02, 24, 47.73, 47.17, 24.84, 21.41, 69.25, 35.6, 9.25, 8.42, 10.25, 9.57
31TTIPZ8XM69HILWQZWMCQMN1KS3GE, 20 minutes, 0.07, 489, 51.87, 46.83, 13.36, 16.76, 58, 28.57, 9, 4.74, 6.6, 4.22
31ZZN31VRB1J1I6XNAS9X9DBA59QRV, 60 minutes, 0, 1, 2.87, 3.17, 3.96, 3.35, 18, 8.34, 0.2, 0.45, 0, 0
3203J2GC2PK4HSXGZ2GG107218V84Q, 2hours, 0.02, 115, 34.13, 33.67, 15.32, 14.91, 60.75, 40.04, 7.75, 7.41, 4, 3.46
3203J2GC2PK4HSXGZ2GG1073Z7V84O, 2hours, 0.06, 81, 44.40, 44.00, 17.70, 13.53, 52.6, 11.55, 3.2, 5.02, 3.4, 3.97
3203J2GC2PK4HSXGZ2GG1074VAS84P, 60minutes, 0.05, 273, 37.67, 38.17, 16.57, 16.56, 57.75, 31.37, 7.25, 5.62, 5.75, 2.87
320GLP60AN5TS9K5PU8IGRVPKUZ14P, 1 hours 30 minutes, 0.01, 269, 22.60, 25.67, 19.65, 21.71, 40.2, 37.69, 0.6, 0.89, 2, 1.87
320GLP60AN6FM9FGZXIOL5AG38941T, 5 hours, 0.05, 18, 40.40, 34.67, 21.02, 18.34, 56.6, 23.05, 8.4, 6.5, 7, 4.36
323KIQYDLQ7S9UIT4NE6QLFONB14CB, 60 Minutes, 0.05, 1496, 26.13, 24.33, 15.94, 15.93, 43.8, 12.54, 4.6, 3.44, 5, 3.74
3244QHISJ1ITNE98CFK36E7RG91L0N, 60 Minutes, 0.01, 1, 12.73, 10.67, 15.25, 12.98, 23.67, 13.28, 1, 1, 0.67, 1.15
3244QHISK2XKVEPCAXDY38M44I9L04, 24 hours, 0.1, 77, 25.00, 24.00, 8.23, 10.79, 39, 14.18, 3, 2, 3.2, 1.79
329GGY5YRI5WHTWS4FZ9QWPAMFRT4W, 60 minutes, 0.15, 62, 43.93, 45.00, 16.50, 11.96, 52, 13.11, 8.33, 2.89, 6, 3.46
32GVUSPLEYOYH9SP841K39EVOUOK3Z, 24 hours, 0.1, 72, 21.20, 19.67, 13.98, 13.84, 24.75, 15.65, 3, 2, 2.75, 2.5
32GVUSPLFZ61Q5EOZV799O813X5K3C, 1 hour 40 minutes, 0.3, 9, 54.13, 49.17, 21.60, 20.69, 68.25, 22.37, 6.5, 4.12, 4, 1.83
32JEHGQ0QIPYH7JPSF8OLMHJ8AAU81, 45minutes, 0.08, 32, 29.00, 27.33, 21.50, 20.56, 41.25, 6.24, 1, 1.15, 4.5, 4.36
32JRJ3GOYGFHSVM6IWA88RJNYD8U1D, 15 minutes, 0.15, 92, 21.87, 19.83, 18.12, 16.14, 39.8, 18.75, 4.2, 5.67, 3.6, 6.07
32SOQFN7RN4Q5SNOXDF8KS0W4TRIPM, 10 minutes, 0.02, 1403, 24.80, 22.83, 14.10, 13.86, 37.8, 13.39, 3.8, 2.68, 4, 3.67
32WAV7G60PNC75TK9C1M3A29EH0D36, 60 minutes, 0.18, 277, 40.40, 41.00, 20.36, 25.50, 75.8, 32.45, 8.8, 5.5, 8.4, 6.23
32WAV7G6ZOBEE25MHO1EVKD7PUBD3N, 1 hour 40 minutes, 1.02, 1, 50.27, 47.67, 18.51, 19.15, 60.5, 24.31, 7.75, 5.91, 9.75, 6.55
330XZFCZ7R2IEZH3T3I3O6ANM0DXTM, 10 minutes, 0.05, 35, 42.40, 38.00, 23.01, 20.37, 47.5, 26.24, 5.5, 7.68, 5.75, 7.14
330XZFCZ7RB627L6HWI9543W690TXG, 60 minutes, 0.05, 13, 28.93, 27.67, 19.05, 18.54, 36, 13.27, 5, 3.32, 4.6, 2.79
33EWWXEH81XUPFZ4BLANE2SZQMJ40X, 60 minutes, 0.1, 3, 30.40, 32.50, 20.03, 22.36, 47.6, 14.26, 4.4, 6.54, 3.4, 2.79
33FLRCV01N0NF725EJLGLLU8UGYORG, 60 seconds, 0.1, 100, 35.07, 34.83, 27.40, 29.90, 50.4, 22.3, 2.8, 2.59, 2.4, 1.52
33QM7VBL79CAH7ME53S2DMVHTOZ3QX, 16 Minutes, 0.15, 6, 22.20, 23.17, 20.42, 25.60, 20.25, 20.65, 2, 2.83, 1.5, 1.91
33RX46D1RXVH625SCIG7UWSYT80X1J, 30 minutes, 0.04, 85, 22.40, 22.17, 20.99, 23.92, 43.6, 35.15, 3.4, 5.46, 4, 6.82
33XMDKLTFSU7YK1SQJZ2MPHPZ4ZZCZ, 30 minutes, 0.3, 1, 35.87, 29.33, 18.22, 14.94, 57.8, 18.49, 7.2, 4.09, 9.2, 5.02
344RGS4J7S874QSQIPH3B5TQWFPMPU, 60 minutes, 0, 1, 6.13, 4.67, 12.98, 9.53, 8.8, 4.38, 0, 0, 0.2, 0.45
34B3PHKY7L0QRWI1JO5S4NCKMT3NE1, 15 minutes, 0.05, 118, 45.93, 44.00, 11.45, 9.83, 54.2, 14.6, 7.4, 2.61, 5.2, 2.28
34KQN2TBKTGWLIK008X22C5QD2JSAJ, 45 minutes, 0.04, 1205, 30.13, 31.83, 14.47, 15.61, 46.6, 11.52, 5.4, 5.68, 6.4, 5.59
34RF8KPUOTU14SPS6MXYXNPWVK1SBB, 45 minutes, 0.03, 24394, 35.80, 36.00, 12.98, 14.95, 32.67, 11.93, 4, 1, 4.33, 3.21
34RF8KPUOTU14SPS6MXYXNPWVK1SBB_1, 45 minutes, 0.03, 24394, 22.67, 19.50, 20.95, 17.59, 30.4, 15.32, 1.2, 1.1, 1.8, 2.49
34RF8KPUOTU14SPS6MXYXNPWVK1SBB_2, 45 minutes, 0.03, 24394, 30.60, 28.00, 17.18, 17.88, 41.5, 4.65, 3.5, 3.11, 4.5, 5.74
34RF8KPUOTU14SPS6MXYXNPWVK7SBH, 45minutes, 0.14, 8216, 31.73, 29.83, 17.43, 18.54, 49.2, 12.13, 4.2, 5.26, 3.2, 3.63
34YKDDZP3UMABNHOK8ECJ4FCOZJWHB, 20 minutes, 0.5, 1, 45.07, 45.83, 30.60, 30.86, 61, 35.41, 6.25, 9.32, 6, 3.37
3568B45QGKRG3Y1LZDHA1JA6BSCO3E, 5 hours, 3, 1, 30.20, 26.33, 17.95, 17.94, 43.75, 11.32, 6.25, 4.99, 4.75, 4.35
3589VT1T2BGMXIVHZGNGS492OQIJN8, 5 minutes, 0.03, 938, 31.07, 30.17, 20.06, 20.45, 59.75, 37.52, 5.5, 5.97, 4.75, 5.74
35DAEVU8JHJ10FFZ10EN4CRDQ8F870, 2 hours, 0.01, 4978, 35.87, 31.17, 34.42, 29.27, 41.33, 56.57, 6.67, 9.87, 6.67, 8.33
35GRDJC92I6VOWRC3MF6JHNHWWLC7I, 60 minutes, 0.03, 40, 39.93, 41.50, 15.02, 15.36, 74.25, 34.34, 9.25, 6.02, 8, 4.32
35HIM1LU2HRMGPBVQO0P66HG1MBI5I, 2 hours, 0.07, 2828, 29.00, 30.83, 34.78, 38.06, 62.5, 43.91, 7.5, 8.1, 7, 8.25
35QUA2ABY634ZYN782PTB2BL5I8EGJ, 2 hours, 0.1, 1, 32.53, 32.00, 12.79, 8.89, 38.25, 0.5, 4.75, 2.5, 4.75, 2.06
35QUA2ABZ7MBAB0HZGYJHQ28USWGE7, 20 minutes, 0.02, 5648, 21.67, 22.83, 20.48, 21.53, 26.6, 19.35, 3.2, 5.22, 2.8, 4.15
361LJMRMCQ5CDYJ025B6700NV8CUR4, 60 minutes, 0.03, 1, 1.87, 1.33, 4.17, 2.98, 13.6, 5.59, 0.4, 0.89, 0, 0
369VX4MEOJAKM0DV8XRK62EAJWKGI1, 3minutes, 0.15, 1, 31.00, 30.00, 23.32, 24.79, 26.4, 20.26, 2.6, 0.89, 4.8, 4.32
36ARV8EEH67U95XPYN59VTZKFJ2VA1, 60minutes, 0.3, 1, 45.73, 42.67, 19.85, 16.72, 66.8, 17.02, 7.4, 5.46, 9.8, 5.22
36FIWAXJH5YZ4NF13JA9L63DO7Z3AS, 60minutes, 0.2, 2557, 50.47, 50.67, 34.61, 36.06, 53.8, 27.93, 8.2, 7.63, 8.4, 7.64
36HGGQAXL6KTNEA2DMTHLEEUZ4CVBW, 3hours, 0.15, 19396, 43.27, 41.67, 26.76, 23.40, 36, 20.76, 5.2, 4.38, 4.6, 5.55
36HGGQAXL6L87J29O35QD9YQWSFBVG, 24 hours, 0.04, 13, 9.53, 8.83, 11.90, 11.03, 32, 10.55, 2.25, 2.63, 2.25, 2.63
36IAL8HYOXSPP9QYVLXZPMFW48E4R6, 5 Minutes, 0.01, 1, 3.27, 3.83, 4.17, 5.26, 9, 5.52, 0.2, 0.45, 0.2, 0.45
36MWL0IRGCO0L6PQ7W22BBNT0ICOHL, 60 minutes, 0.05, 7, 32.07, 29.83, 16.21, 16.28, 45, 9.67, 4, 2.74, 4.8, 2.17
36QDS77QN9NG5USZQM0XMAC2L97HFT, 10 minutes, 0.01, 2413, 28.80, 31.33, 28.53, 28.48, 30.75, 20.47, 1.5, 1.91, 4, 5.66
36QDS77QN9Y3AP81GU3ZJ983H37HFJ, 60minutes, 0.02, 644, 31.47, 27.67, 16.10, 13.79, 46.2, 19.92, 6.6, 4.98, 6.6, 4.34
36R3RQSDPTXRSZ6X7FR6HZHDYAF078, 60 minutes, 0.25, 1, 31.13, 30.83, 13.98, 14.75, 50.6, 14.38, 8.6, 4.67, 7.2, 3.96
375FCEJV4GX4B1VR293XJCDD0I7CCJ, 12 hours, 0.6, 1, 56.53, 53.67, 12.82, 12.86, 81.6, 13.83, 13.2, 1.3, 11.2, 3.03
375MF9UHMRPR2XWE6NL8JC3TL1HSX9, 7 days, 0.01, 4, 14.47, 14.33, 15.00, 16.60, 32.8, 12.99, 2, 2.45, 2.4, 2.7
37672WDDC2JA93V4O46FCCJ2VAJNM9, 30 minutes, 0.25, 1, 27.13, 25.83, 23.66, 21.74, 42, 11.17, 1.25, 1.5, 3.75, 5.19
378UBY8FQ61LFCJMHZWZTRZI59A8TB, 10 minutes, 0.08, 42, 23.93, 24.33, 18.71, 19.00, 32, 10.23, 3.5, 4.73, 2.5, 3
378UBY8FR7AABMKBM232FCEFT60T8E, 40 minutes, 0.4, 665, 56.47, 52.67, 7.99, 7.30, 66, 7.35, 11, 2.83, 9.5, 4.8
379R4POZ46ZM5D7FMP5TH9FBQ7PRXR, 60 minutes, 0.02, 230, 18.67, 18.67, 20.14, 18.11, 25.75, 8.77, 2.75, 4.86, 2, 3.37
37CCG24EIZSNBY0O0RYFBPCKLTQZRW, 30 minutes, 0.15, 1, 6.07, 5.67, 5.07, 4.39, 29.75, 8.46, 1, 1.15, 1, 1.41
37CCG24EIZSNBY0O0RYFBPCKLTQZRW_1, 30 minutes, 0.15, 1, 7.93, 8.17, 11.09, 11.28, 20.75, 6.65, 1.25, 1.5, 1.25, 1.5
37CCG24EIZSNBY0O0RYFBPCKLTQZRW_2, 30 minutes, 0.15, 1, 17.00, 14.17, 15.97, 12.10, 25.2, 14.04, 3.4, 4.1, 2.4, 1.67
37FXVUXR5NUGX6LAN3N06Z6PNZ6EWN, 2 hours, 1.5, 1, 36.87, 37.50, 17.08, 16.21, 72.4, 27.5, 10, 6, 10, 4.47
37NNZ8MO7S6VRHEMSEGUVBLX898EQM, 10minutes, 0.02, 1226, 26.00, 23.33, 12.23, 10.74, 33.33, 10.97, 4.33, 4.93, 3.33, 2.31
37QHTW84X0Z4WRFH6C4VHQ7JNTDJDT, 5 days, 0.2, 1, 34.27, 30.50, 23.07, 18.77, 51.4, 31.97, 4.6, 3.58, 6.6, 6.07
37ZHE2JT1D250TKIB56TICN73UM88S, 2hours, 0.08, 13, 36.13, 32.17, 20.02, 19.67, 55.25, 17.46, 7.5, 5.57, 3.25, 5.85
37ZHE2JT1D250TKIB56TICN73UQ88W, 20 minutes, 0.03, 20464, 36.53, 34.00, 10.21, 8.55, 54.8, 36.79, 4.6, 4.67, 5.6, 3.65
37ZUGP9H9BONPT0XCKXE3200JPH817, 2 hours, 0.08, 2, 32.93, 38.67, 12.99, 16.09, 58.6, 33.25, 3.8, 2.28, 2.8, 3.03
37ZUGP9H9BONPT0XCKXE3201JQL81F, 60minutes, 0.05, 217, 41.67, 41.83, 26.21, 24.93, 56.4, 26.59, 5.2, 5.63, 7, 6.63
38464Y8J3VK9Y56OSLPV9KDIFIGV4J, 60 minutes, 0.05, 3, 3.20, 2.67, 2.67, 2.31, 13.4, 7.27, 0, 0, 0.2, 0.45
389X50RO4VDYCDHURIYQ7760LL5343, 4 minutes, 0.15, 984, 45.33, 44.17, 29.89, 29.27, 57, 22.46, 3.75, 5.68, 8.5, 5.69
38DNTK7MFN2OC2PZPWU81IIJXME01H, 60 minutes, 0.02, 1, 9.60, 8.00, 12.27, 9.59, 17.8, 10.43, 1.2, 1.1, 0.8, 0.84
38DNTK7MFN34LCW85JTSAD2CXFQ01S, 4minutes, 0.01, 2012, 34.27, 34.17, 19.54, 18.20, 37.8, 7.66, 3.2, 3.27, 5.4, 4.88
38DNTK7MFN3UAZX8DF8S385AB3E10K, 60 minutes, 0.1, 523, 36.60, 34.83, 10.98, 8.53, 46.4, 19.81, 7.6, 3.78, 8.6, 2.7
38FWZZ3ILTDK8ICQRL4PWREV0HIYN7, 5 minutes, 0.12, 1, 12.40, 14.67, 4.28, 8.91, 17.5, 7.23, 0.75, 0.96, 1, 0.82
38GRQLZZQQCOARQX7FK2NWOBS4K0CN, 6 minutes, 0.01, 29, 28.07, 27.83, 28.93, 28.11, 52, 43.21, 5.67, 7.37, 6.67, 7.64
38IOEK81UIQHG7BFV93TAAEQ3W496W, 10 minutes, 0.03, 1, 54.80, 47.33, 32.00, 29.43, 57.2, 41.63, 12.6, 10.14, 15.6, 7.8
38LYNH3Q4ODLGFNEHSAP2J87XNZMGY, 10 minutes, 0.05, 3, 11.60, 11.83, 10.27, 12.44, 11.5, 3.54, 1, 1.41, 0, 0
38LYNH3Q5PUFYTLC9WG1VAJL0LTGM5, 60 minutes, 0.05, 1, 29.40, 31.17, 27.23, 26.67, 37.75, 16.74, 6.75, 2.06, 5.25, 6.55
38MNOT6KWIG21RX6PKH1YJB8VKDT05, 5 minutes, 0.02, 152, 39.00, 36.17, 12.20, 8.65, 47.75, 22.53, 0.75, 0.96, 1.5, 1
38MNOT6KWIG21RX6PKH1YJB8VKDT05_1, 5 minutes, 0.02, 152, 26.93, 24.33, 10.03, 9.27, 39.33, 8.74, 2.67, 2.08, 2.67, 1.15
38MNOT6KWIG21RX6PKH1YJB8VKDT05_2, 5 minutes, 0.02, 152, 36.40, 32.67, 21.42, 13.89, 40.4, 11.97, 1.4, 1.67, 2.6, 2.41
38NH2CI7ROPJ1MAJ3F139HJ5CPPVU5, 10 minutes, 0.01, 493, 40.93, 37.50, 19.28, 18.33, 38, 12.47, 5.4, 8.29, 4.8, 4.76
38NH2CI7SPCMWUJ4T62C2GD654VVUY, 5 minutes, 0.11, 1, 17.78, 18.89, 25.77, 25.84, 36.5, 48.79, 0, 0, 2, 2.83
38VQ1AW9T5WCGLEK2ZAP9I6I4O826I, 6 hours, 0.05, 1, 30.80, 28.17, 25.28, 25.71, 49.4, 36.61, 5.2, 4.97, 5.8, 6.22
390EOHYPK4Q05K2TRHZ1W9N0LW8X3W, 3 hours, 0.03, 133, 14.20, 14.83, 14.44, 15.42, 34.2, 7.6, 1.2, 2.17, 3.4, 3.44
39393HGTI5QMIY6JHIT1M5IIGWJEOF, 15 minutes, 0.12, 200, 61.47, 52.33, 35.60, 29.38, 104.33, 15.89, 16.67, 5.77, 20, 0
394TEHR260P29GUZO0UUQSDZ63O65J, 60 minutes, 0.01, 24, 6.33, 6.50, 9.49, 8.71, 20, 12.91, 0, 0, 0.25, 0.5
39PLFW4P2L2RPNN40J9QB1XCZ2O4HT, 60 minutes, 0.09, 366, 22.33, 22.17, 14.06, 14.96, 33.6, 15.88, 2.4, 2.3, 1.6, 1.67
39UNKKTVDF8Y9H8JFO9U930XMBHYGJ, 30 minutes, 0.02, 22, 21.27, 19.67, 8.65, 9.57, 31.5, 14.2, 2.25, 1.5, 2.25, 1.26
39UNKKTVDFFX9VEX2EW7RYBUQ2JGYD, 3minutes, 0.01, 6, 37.87, 39.83, 25.51, 24.89, 38.8, 14.36, 1.4, 1.67, 2.8, 4.15
39VNNFFKK59EW3XI1HP5P046ZAXXVP, 15 minutes, 0.05, 831, 36.33, 35.50, 18.01, 15.23, 39, 8.54, 7, 3.61, 4.67, 5.03
39Y8ZSVZWWM1XMK47AFGQNZOPQQVZE, 60 minutes, 0.04, 10, 23.53, 23.00, 20.12, 19.32, 41.25, 14.36, 5.5, 6.4, 4.75, 4.99
39Y8ZSVZXXM4Z9DMIL8I9OJZBK9VZ6, 60minutes, 0.1, 2277, 32.87, 34.17, 19.44, 21.00, 40.4, 13.26, 6, 6, 1.8, 2.05
3AA189Q6B51983MEFLORU493K7KMWE, 60 minutes, 0.04, 1, 30.40, 33.50, 17.02, 21.81, 53.6, 28.6, 7.2, 6.76, 6, 7.04
3AA189Q6B52Z6L7EV3NS06BHCKRWMY, 3 hours, 0.1, 278, 21.60, 20.50, 18.93, 18.41, 37.33, 12.66, 5, 4.36, 5, 4.36
3AA189Q6C6N6C9XRHK508ZBLMH8WM3, 60 minutes, 0.01, 5280, 21.47, 20.50, 15.73, 14.83, 36, 11.31, 6, 2.83, 6.5, 3.54
3AA189Q6C6TLNJILLV2LOGYDJT7MWV, 60 minutes, 0.1, 20, 18.07, 17.67, 22.53, 23.62, 34.4, 19.03, 0.6, 0.89, 2.4, 4.28
3AJ89545NQHYX91N7X3ADUYHKVTBEA, 60 minutes, 0.2, 26, 21.53, 22.83, 11.85, 12.37, 42.8, 8.35, 4.2, 3.63, 4.6, 2.7
3AJ89545NQRFJUS6JU65GFBBEJ7BEW, 20 minutes, 0.02, 4228, 26.60, 28.17, 23.39, 25.11, 47, 28.65, 6.8, 7.16, 6.2, 7.16
3AMAQJSW8I20H10ADEKNBNOAVRROI5, 60minutes, 0.05, 1, 58.07, 49.33, 18.70, 12.46, 56.2, 28.43, 10.2, 7.09, 9.2, 4.87
3B9PUZPHFHW5PZT5Q7OV88NG9W6JA5, 5 minutes, 0.05, 1, 33.20, 35.17, 21.95, 18.41, 41.8, 23.19, 7, 5, 3.8, 3.49
3BGEFHL0JHEL8I3UU0A0G1OJRYOJBS, 3hours, 0.35, 4, 29.73, 30.17, 14.27, 14.09, 41.8, 5.36, 6.2, 3.83, 5.6, 3.65
3BHOG8KFNLAK9AB1ZQLEP6Q0T3RR81, 1 hours 12 minutes, 3.24, 1, 62.33, 60.67, 17.40, 21.90, 100.8, 27.96, 9.6, 6.43, 11.4, 5.98
3BK5FW2G6MZ18ENS8D29GOXE9AHRCA, 60 minutes, 0.15, 28, 32.40, 30.00, 22.16, 18.97, 40.6, 18.34, 3, 4, 9, 5
3BRG9Q58M1LAH7AQ01RWX47CRWFYQ2, 60 minutes, 0.25, 1, 11.07, 10.33, 5.26, 5.29, 36.8, 1.64, 1.4, 1.67, 1.4, 0.89
3BZN229KV5TWHZF32GLR8LCC1TX6DS, 10minutes, 0.08, 2, 24.27, 24.17, 28.20, 31.78, 39.2, 27.79, 3.2, 5.54, 2.6, 4.22
3C2UN3Y7UJLGZT23JF159R7GHEFMFI, 6hours, 0.17, 4, 54.13, 48.67, 27.41, 24.81, 70, 33.58, 12.4, 8.14, 14.8, 7.95
3CF7EZI55RWEYNZ9U956QWWUG93IL2, 24 hours, 0.02, 2, 15.27, 16.50, 14.74, 14.62, 29.2, 10.85, 1.8, 1.79, 3.2, 3.03
3CP9VRCFS74RV9VXRUIMMBYWTQDUEZ, 3 hours, 0.25, 9, 22.20, 20.17, 29.90, 29.94, 42.6, 29.73, 5.8, 6.46, 3.6, 5.9
3CTCX9NXB5M1LSUM0XPXZV8QE2WLJA, 10 minutes, 0, 689, 34.80, 32.50, 23.19, 22.17, 39.2, 30.96, 8.2, 6.76, 8.4, 6.88
3CTCX9NXC67QIV0KKFDEFSMCFTJJLN, 15 minutes, 0.5, 1, 30.33, 28.50, 20.24, 19.53, 40, 8.54, 4.8, 4.32, 4.4, 2.07
3CVHT3IKUYKSX9WRAWTF52715RU0R4, 3 minutes, 0.02, 1870, 19.40, 20.67, 18.78, 18.35, 25.4, 12.18, 2.8, 4.38, 3.4, 4.1
3CYDGW98NMPSZAAQ0W8MOBJZSSBOM6, 60 minutes, 0.04, 761, 36.27, 38.50, 15.94, 15.90, 53.2, 24.14, 6.8, 6.3, 12, 7.62
3D00S7P7YG22I1NWJE5APKC40DIEZA, 45 minutes, 0.5, 10, 39.47, 38.17, 15.63, 16.08, 67.8, 25.93, 6.6, 8.35, 6.4, 6.54
3D3KZYB02J3NX4IAX3WJJNSJTAYV8O, 60 minutes, 0.05, 42, 58.00, 58.17, 14.15, 19.95, 68.2, 29.51, 13.4, 7.47, 12.8, 5.76
3D3KZYB03KLUXQ4AWC4FKH86OYE8VD, 30 minutes, 0.02, 2, 7.67, 6.67, 7.91, 5.62, 8.8, 5.31, 0.6, 0.55, 0.8, 0.84
3D3X1L1OBIRB9XRZKHJ79UYYYTK1VU, 60 minutes, 0.2, 346, 26.87, 26.83, 25.57, 26.13, 44, 26.13, 7.4, 8.53, 7.2, 6.57
3D3X1L1OBIRB9XRZKHJ79UYYYTK1VU_1, 60 minutes, 0.2, 346, 29.87, 27.67, 18.13, 18.36, 42.8, 20.17, 6, 4.36, 5, 4.12
3D3X1L1OBIRB9XRZKHJ79UYYYTK1VU_2, 60 minutes, 0.2, 346, 39.93, 35.67, 25.75, 23.57, 67.2, 33.43, 9, 7, 9, 6.63
3D7N1211O74L32LV8ZFDVQWGH61MAZ, 15 minutes, 0.02, 2, 74.87, 64.83, 17.19, 13.36, 86.4, 29.48, 11, 7.38, 15.4, 3.13
3D7N1211P8PBU1MJEXLJFBT15KWAMH, 2minutes, 0.03, 2, 50.67, 47.83, 14.78, 16.67, 56.4, 18.31, 5.2, 3.42, 7.2, 3.56
3D8B00U52IVJZWECZOBXRVFXL2U83O, 2hours, 0.01, 83, 38.07, 40.17, 9.45, 10.21, 50.8, 13.7, 8.2, 6.02, 5, 3.74
3D8B00U52IVJZWECZOBXRVFYHAV833, 60 minutes, 0.05, 24, 40.53, 38.00, 18.40, 19.44, 37.8, 11.37, 5.4, 3.65, 5.6, 4.28
3DBJK6OC3AF4JLMP40JUKZIT4XNYF3, 30minutes, 0.2, 12, 31.13, 31.17, 16.88, 16.57, 56.6, 19.55, 5.4, 4.16, 4.4, 4.72
3DCXWU0MSDB2RCYGDPZ82R371ZGTVX, 3 minutes, 0.05, 6, 36.20, 37.50, 30.08, 27.30, 39, 23.95, 2.8, 3.03, 7.4, 6.23
3DECMKXKT815JCLN1RI1KKDJDFAMBB, 15 minutes, 0.01, 1, 34.33, 34.50, 8.19, 12.63, 46.2, 16.48, 5.8, 5.67, 6.4, 5.86
3DHOXWJRSC3OAPE5AL86OV64DJCT3O, 40 minutes, 0.2, 61, 45.47, 46.00, 24.67, 24.79, 57.8, 35.22, 9.4, 7.02, 9.8, 6.72
3DPZKFEUURUGTQUQB4SOUUG5ZFPI4V, 2minutes, 0.07, 2, 59.67, 55.17, 5.20, 5.60, 64.8, 12.72, 12, 5.96, 12.4, 1.67
3DPZKFEUVSIPT2ERNEAT4GS1UAKI44, 30minutes, 0.5, 6, 22.60, 24.00, 16.31, 17.39, 45, 19.61, 6.4, 5.55, 3.4, 0.89
3DXFGU9SKN7P79WJOTN6EK4MLG3EXS, 15 minutes, 0.05, 3, 20.40, 19.83, 11.28, 11.55, 34.4, 2.07, 2.6, 2.51, 3.2, 1.92
3DXFGU9SKNVTS8DGXQ8KL6UJIRCXE8, 2minutes, 0.04, 203, 74.53, 72.33, 18.38, 16.28, 79.4, 42.63, 16, 8.94, 20, 0
3DXFGU9SLODY46WA7XIQCVBUTMKEXQ, 2 hours, 0.9, 1, 44.60, 40.33, 12.17, 11.34, 64.4, 20.49, 7.6, 4.56, 6.4, 2.51
3E9JM64F23SDM8DQUQW3OKIR1A0NP8, 60minutes, 0, 1, 2.60, 2.50, 3.71, 3.54, 10.4, 5.9, 0.6, 0.89, 0.4, 0.55
3EGCY5R6XYZQLTGPWNN8D6V7K3JYA2, 30minutes, 1, 1, 73.20, 67.00, 19.26, 17.01, 121.67, 25.15, 16.67, 5.77, 19, 1.73
3EJ1F91ANSU6O8N3S3NGZ4GVCA2IZW, 6 days, 0.1, 363, 21.33, 21.67, 12.43, 13.50, 32.6, 11.33, 2.4, 4.34, 5.4, 3.29
3EOZAW7619J5YKCNUIDNV84T8098HV, 3 minutes, 0.01, 1, 15.33, 15.67, 13.73, 13.58, 14, 1.41, 1.5, 2.12, 1, 1.41
3EOZAW762AHX3MFSNYKKE4EQ4INH8Q, 2 hours, 0.5, 49, 78.40, 64.33, 11.84, 13.57, 86.6, 25.07, 14.8, 8.67, 20, 0
3ERG9KP7KAETHL286FNRQ00RYLWCHM, 60 minutes, 0, 1, 0.00, 0.00, 0.00, 0.00, 8.5, 4.04, 0, 0, 0, 0
3EULM6QNGEDGI0DDZ62WA3R8YV4JXB, 3 minutes, 0.03, 1, 4.47, 4.17, 3.79, 3.95, 12.67, 5.51, 0.33, 0.58, 0, 0
3EX6YJ62T6GKTDIQJCCYD4JMD62ZJG, 30 minutes, 0.2, 4, 41.87, 39.83, 13.40, 11.23, 56, 17.52, 6.67, 6.11, 7.33, 6.43
3EXC7SWSR38EV80UNYXZTOBA3ESHT8, 60minutes, 0.02, 1610, 19.20, 18.50, 15.79, 16.32, 36.4, 20.12, 2, 1.58, 4, 4.3
3F0Z1FPMUNUP6TOTMH2XGS6T5GJLYU, 7 minutes, 0.05, 3871, 9.07, 8.50, 10.98, 8.30, 22.67, 9.24, 1.33, 1.15, 1.33, 1.15
3F0Z1FPMUNWB7D1EFV5M6IVBAHELYR, 10 minutes, 0.06, 100, 36.87, 30.33, 16.18, 14.30, 48, 16.97, 4.5, 4.95, 6, 5.66
3F12ASV6AWHSTTB7IFZKMVGLLVZM46, 1 hours 23 minutes, 3.73, 1, 36.47, 32.83, 19.42, 17.45, 65.4, 9.13, 9.2, 7.69, 10.2, 4.82
3F2SNR5B8MKSI92Q9DG0FV11BKO0HL, 2 hours, 0.03, 1, 59.00, 54.67, 9.12, 5.32, 84.33, 2.89, 13.33, 2.08, 9.67, 3.21
3FKD865UZQBJZ4661LLBINGEMFPMUJ, 1 W 3 days, 0.3, 1, 58.20, 53.00, 19.17, 17.72, 84.4, 26, 10, 6.63, 15, 4.24
3FKD865UZQBJZ4661LLBINGENHPMUO, 1 week 3 days, 0.3, 1, 45.07, 46.50, 21.32, 14.06, 75.4, 45.06, 5.6, 8.41, 9.6, 6.84
3FKD865UZQG0HB1FDHAJVT0FL3FMUG, 60minutes, 0.05, 933, 26.07, 23.33, 13.11, 12.35, 44.6, 10.53, 4, 3.39, 4, 3.74
3FOA7RUSUPLLDDXZNITMB1EHL6FPGL, 60 minutes, 0.1, 6971, 16.20, 14.33, 17.48, 15.35, 30.6, 7.33, 1.6, 0.55, 1.6, 1.14
3FQJF6D1R1SUSJ130G368H5I02G92S, 60 minutes, 0.05, 5, 29.47, 27.50, 15.48, 13.71, 36.2, 13.48, 4.6, 5.18, 3.2, 1.79
3FQJF6D1S2STVEIP11IICRPWDI892M, 20 minutes, 0.03, 1, 22.73, 21.00, 12.45, 11.20, 22.8, 6.83, 3, 3.32, 1.4, 1.34
3G2I6FODBC43UCDM72LBPP8Z9I0L60, 2minutes, 0.1, 1, 46.80, 43.00, 27.17, 25.47, 38, 20.15, 3.4, 4.22, 5, 6.63
3GAR7VLBJNDRH4HH5ZWWCFRBGXZ4Y9, 10minutes, 0.04, 10472, 38.20, 35.00, 20.57, 24.99, 47.4, 24.08, 5, 6.89, 5.4, 7.2
3GAR7VLBJNEKQVA3XEJQ66MZFEXY4T, 12 hours, 0.9, 29, 18.60, 16.00, 14.14, 10.56, 28.2, 17.64, 2, 3.39, 1.6, 1.52
3GBCJUK5C2GRHG97MHYVG9NBQMOPK9, 60minutes, 0.02, 12225, 13.60, 12.83, 5.79, 7.13, 15.75, 15.52, 1.5, 1.73, 1, 0.82
3GBCJUK5C2NMDEDWS686X6QI2G8KP3, 10 minutes, 0.01, 4, 17.07, 16.83, 12.65, 12.37, 28, 12.81, 2.2, 2.95, 3.2, 3.35
3GC8IVJ10EOCB71QWZ4YFX98VOS9NN, 60minutes, 0.04, 34, 46.20, 43.00, 29.03, 26.27, 67.6, 28.48, 7.6, 6.35, 5, 4.42
3GRRK9BQWRDBESRD36S5634M392PD9, 2 hours, 2.02, 1, 61.07, 55.67, 17.50, 13.81, 90.8, 28.17, 10.2, 3.35, 13.2, 2.28
3GRRK9BQWRPD54OGKFA4YQ8537VPDJ, 60minutes, 0.05, 688, 18.80, 16.50, 18.99, 14.87, 33, 17.2, 3.2, 3.9, 3, 3
3GZMSD8U5X9MRGKQIZ546O8UKB695Q, 60minutes, 0.05, 41, 21.13, 22.00, 22.88, 23.84, 39.8, 27.61, 1.2, 1.79, 2, 3.46
3GZMSD8U5X9MRGKQIZ546O8UKC795T, 60minutes, 0.05, 17, 31.73, 29.00, 20.94, 16.85, 34.6, 11.59, 3.4, 3.05, 3, 3.46
3GZMSD8U6Y8M82W4VRHXFG1G1IS95R, 60minutes, 0.07, 2, 36.60, 31.33, 7.60, 9.48, 43.2, 22.48, 5.4, 3.97, 5, 4
3H41Q6XMRNJ731MM548PSMBGOYMG2I, 1 hours 40 minutes, 0.1, 23, 44.73, 43.83, 22.49, 22.68, 79.4, 30.84, 11, 6.78, 12.4, 6.73
3H41Q6XMRNUCK2PCFPR6Y35LJFT2GW, 5 minutes, 0.01, 51, 16.40, 16.33, 14.83, 14.83, 23.6, 17.05, 0.8, 0.84, 3.4, 5.98
3H5CSD5832HNKRNN8SDJ6TWED17E80, 7 days, 0.01, 82, 20.13, 18.67, 16.50, 16.52, 22, 32.98, 1.8, 4.02, 1.8, 3.49
3H5CSD5832HNKRNN8SDJ6TWL583E8G, 7 days, 0.01, 14, 14.20, 14.00, 13.65, 13.06, 12.6, 12.44, 0.6, 0.89, 0.6, 0.89
3HBZ8AD97D3GZ7VEBIN9M1728BDNN9, 60minutes, 0.04, 1, 41.60, 33.83, 24.92, 19.65, 56.6, 50.72, 12.4, 8.05, 13.4, 9.04
3HBZ8AD97D3GZ7VEBIN9M18U9EHNN5, 60 minutes, 0.1, 149, 22.87, 20.50, 14.27, 12.86, 34.4, 22.12, 2, 1.58, 2.6, 2.19
3HL3WX653BXN6QCFW6M6ATC7KPGPQT, 60 minutes, 0.2, 1, 34.13, 30.83, 18.71, 17.38, 53.2, 15.32, 4.6, 3.21, 6, 4.95
3HQI26VRPRS5H4RSBPY2KOCMRQ13R0, 60 minutes, 0.02, 6, 5.47, 5.50, 5.69, 5.61, 31.2, 12.72, 1, 1, 1.2, 1.1
3HVLA9UQN4GKVQOHDHMDH1A7KETU66, 7 days, 1, 1, 60.27, 52.50, 21.65, 19.09, 77.2, 21.57, 13, 5.1, 13, 3.32
3HYDIS22CWMMEZBE3G64NG7ZMZON5V, 3 minutes, 0.2, 13, 39.67, 36.67, 33.25, 27.42, 35.5, 15.24, 1.5, 1.73, 6.25, 9.32
3HYDIS22DXJRRCQBI3AE9ELUHK15NC, 10 minutes, 0.2, 29, 16.67, 16.67, 8.15, 9.72, 28.8, 9.68, 4.4, 3.85, 2.6, 2.19
3I21NMEA63DY0BA82BXKKSLPMBYSHT, 45 minutes, 0.04, 4, 42.00, 40.00, 20.39, 19.29, 50.4, 26.99, 7, 6, 6.4, 3.78
3I21NMEA63DY0BA82BXKKSLPMBYSHT_1, 45 minutes, 0.04, 4, 56.27, 58.50, 19.43, 20.70, 85.8, 17.22, 13, 5.39, 12.8, 3.11
3I21NMEA63DY0BA82BXKKSLPMBYSHT_2, 45 minutes, 0.04, 4, 30.07, 30.00, 24.13, 23.87, 47.6, 39.87, 4.6, 4.22, 4.6, 3.97
3I3RVCR3FK2XEB4GMX9G7IJ2RLH6XI, 60 minutes, 0.2, 52, 36.00, 37.50, 18.51, 16.54, 59.4, 42.9, 6, 5.34, 6.6, 5.37
3I5ZXD44IULX7AZS354F5V5W46GJCA, 7days, 0.01, 1, 5.87, 6.33, 5.95, 6.79, 26.2, 16.65, 0.4, 0.89, 0, 0
3I5ZXD44JV69M8DWVE4I5ER80XVCJX, 3minutes, 0.05, 1, 46.00, 44.17, 12.05, 12.32, 53.6, 29.38, 7.8, 6.34, 5.6, 6.66
3I5ZXD44JV69M8DWVE4I5ER80XVCJX_1, 3minutes, 0.05, 1, 44.13, 39.33, 16.39, 16.46, 39.6, 11.63, 1.4, 1.34, 4.2, 3.77
3I5ZXD44JV69M8DWVE4I5ER80XVCJX_2, 3minutes, 0.05, 1, 60.33, 64.50, 28.25, 31.00, 79.4, 34.01, 7.6, 6.88, 11.4, 7.47
3I5ZXD44JVHG9J4AOHWFS96B5XBJCP, 4 minutes, 0.01, 1, 27.53, 29.50, 33.63, 33.66, 31.6, 26.72, 5.2, 5.54, 6.2, 8.38
3ID43DSF5JBJ2SZGW2H8HR9RGRT5G5, 60 minutes, 0.01, 34, 7.80, 7.83, 5.79, 5.61, 14.6, 12.14, 1.2, 1.79, 0.8, 1.1
3IE95L92ROOBGIB0W5PPNWUUL5E7M3, 4 minutes, 0.07, 1, 8.53, 7.83, 5.57, 5.16, 9.6, 6.11, 0.4, 0.55, 0.4, 0.55
3IOQH27Z2E4FFLJVR8TNNB4HIMC1IN, 60 minutes, 0.1, 81, 24.47, 22.67, 24.17, 20.15, 36, 10.07, 5.8, 5.4, 6, 5.34
3IR329NZ7YGB0BGT612CO4BTUIW2K0, 60 minutes, 0.2, 6, 23.07, 25.67, 10.94, 14.40, 32.6, 24.93, 2.6, 3.44, 4, 4.64
3IRUE3ZCDH3J5468JOOGJ1Y2ZWZIC5, 10 minutes, 0.1, 9, 47.73, 48.83, 10.95, 14.20, 61.6, 23.33, 6.2, 5.93, 7.2, 5.4
3IXQCB6XI8S61DI53P5ICGI2I9BTIR, 60 minutes, 0.02, 1494, 32.00, 30.17, 21.08, 21.05, 42.2, 15.82, 7, 5.34, 7.8, 6.1
3J06FGISLU272UJU8S9F5O38AK5K50, 7 days, 0.03, 18, 14.33, 13.00, 15.57, 11.28, 30, 16.97, 2, 1.41, 1.6, 0.89
3J06FGISMVRO4EVZMT2NFJ1KME95KI, 60 minutes, 0.01, 5498, 16.73, 17.33, 13.56, 13.52, 21.4, 8.08, 1, 1.73, 1.4, 1.67
3J567DP9LLBDQUW0322ZJ0FWFWZFPB, 45 minutes, 0.07, 90, 21.67, 19.00, 23.20, 21.51, 35.5, 18.41, 1, 0.82, 1.5, 2.38
3J5HEGTZRLQ9SE8SW9LZS2A15OXGGI, 5 minutes, 0.06, 5, 20.13, 19.00, 18.20, 16.24, 26.25, 11.32, 3, 4.76, 1.75, 2.87
3JCELWMC4PY7J05E7LXQXNDWO6Y3V4, 60 minutes, 0.2, 505, 26.13, 25.83, 28.90, 25.81, 50.75, 36.45, 6, 7.62, 7, 8.29
3JG2O8WUZH7UTHWSYCP6CNBWVH79WZ, 5minutes, 0.1, 1, 21.40, 19.00, 16.08, 16.39, 35.2, 13.54, 3.2, 3.96, 2.6, 4.22
3JGBBKK855Q5HY1J6RVO56S97I9J0I, 6 days, 0.1, 361, 34.87, 35.00, 13.12, 13.28, 49.2, 16.02, 7.4, 4.34, 7, 4.18
3JGLGV9D6KL86TQHYYZCMI0V13JD5Y, 7 minutes, 0.05, 200, 27.67, 26.67, 33.05, 31.85, 30.5, 30.73, 5.5, 6.4, 4, 6.73
3JT4BYK2Y4IL1Z22PAHP7P5PI0U2WH, 1 Hours, 0.05, 1, 30.60, 26.50, 26.64, 21.17, 50.4, 23.02, 5.6, 6.07, 5, 5.48
3K0G5SYN9K0M6D335K10A1FE8RM8MU, 45 minutes, 0.4, 20, 55.67, 54.17, 12.85, 14.71, 74.4, 15.95, 6.4, 5.03, 9.2, 5.4
3K0G5SYNALYS7SB8UL3I5RQZNM3M85, 3hours, 0.35, 42, 27.67, 26.17, 18.31, 17.06, 51.25, 15.04, 4.25, 5.19, 5.5, 3.7
3K0T7FOBIJOUXM7ZLBPJYBSGQYWM14, 30 minutes, 0.5, 1, 16.53, 16.17, 10.67, 10.35, 36.2, 14.24, 2.6, 3.44, 2.6, 2.41
3K27O5FVBZ6Y1U1OKHZVRLOYVIWW5C, 30 minutes, 0.2, 26, 30.00, 28.33, 21.63, 21.06, 37.6, 14.94, 5.8, 4.55, 4.2, 3.56
3K3X4GGOSLN6JKEE0NBXYD5PSA6MC7, 30minutes, 0.05, 902, 42.20, 40.67, 28.65, 29.13, 64.4, 23, 7.2, 5.76, 8.4, 5.86
3K3X4GGOSLN6JKEE0NBXYD5PV12MCO, 30 minutes, 0.05, 19963, 49.73, 49.00, 14.59, 19.93, 50.4, 22.7, 7.4, 6.31, 7.4, 4.98
3K3X4GGOSLN9WHITSDB41LMDI6SMCK, 15 minutes, 0.05, 1022, 39.27, 35.50, 24.96, 24.07, 59.6, 29.57, 7, 4.64, 8.2, 4.76
3K9T2ON9ZE5ORLPELXZMHUO84LJMTT, 10 minutes, 0.1, 1, 33.93, 31.50, 20.48, 19.43, 47.4, 22.72, 5.4, 5.37, 1.8, 1.64
3KNJI1FZ8L912486RAFQQV3ZEP6NQU, 60 minutes, 0.25, 4667, 43.93, 38.33, 22.30, 19.55, 57.8, 16.48, 7.8, 4.82, 9, 4.47
3L4EWVFWCZFLPLXQZ7MWBK7MU2X9OK, 60 Minutes, 0.03, 1, 17.40, 15.33, 18.56, 16.82, 35.4, 15.82, 2.4, 3.21, 2.4, 3.29
3L8V324VIV0JU2BOPG7PUH68F6NF91, 60 minutes, 0.03, 2331, 12.07, 11.83, 11.96, 12.63, 27.6, 10.55, 0.8, 1.1, 1.2, 1.79
3L8V324VIVQEQ524CR2N49U2T8GF9N, 11 minutes 40 S, 0.02, 1060, 33.13, 32.00, 17.83, 16.85, 38.75, 13.28, 3.75, 2.87, 6, 3.65
3LBF4GRVWQC3B97WPKKEJO5WDODDDG, 60 minutes, 0.01, 79, 8.33, 8.50, 5.30, 5.90, 29.5, 5.74, 2.75, 3.1, 1.5, 1.73
3LBF4GRVWQSB1V8AOKNI47EZJYMDDE, 10 minutes, 0.05, 139, 23.13, 22.83, 16.55, 14.64, 30, 12.1, 3.6, 2.61, 2.6, 1.67
3LCM1J6T1CTW3PUN949YD9G6A99CYC, 7minutes, 0.01, 4238, 11.73, 12.00, 12.81, 9.48, 24.4, 12.72, 0.8, 1.1, 0.8, 1.1
3LE9INWSFWFC7U06C7E8H83VJHH0ML, 2 minutes, 0.08, 1, 13.00, 12.33, 8.68, 7.80, 19.2, 11.39, 1.2, 1.3, 0.6, 0.89
3LJE53CC7VYWE1O3MIQ180XM33HESQ, 60 minutes, 0.02, 3253, 21.53, 19.33, 21.84, 20.01, 41.6, 15.65, 3.4, 2.97, 3, 4.58
3LLXQSS3GH7EI0TIBFCZBVHJUIM2FF, 20 minutes, 0.07, 11, 34.13, 30.00, 20.81, 19.68, 36.8, 14.5, 5.8, 4.49, 6, 4.9
3LLXQSS3GH7EI0TIBFCZBVHJURL2FW, 20 minutes, 0.09, 46, 28.60, 26.33, 19.36, 19.16, 39.2, 12.4, 4, 4.06, 4.6, 4.22
3LV0310AAZ0POAIRABRDV0CJ4TWKD9, 15 minutes, 0.05, 1, 18.67, 17.17, 20.53, 18.36, 46.6, 31.82, 1.6, 2.07, 2.4, 3.29
3LV0310AAZ5BVL06B1AU1YGZUNKDKM, 45 minutes, 0, 1, 23.73, 23.67, 19.33, 22.57, 47.2, 31.33, 4.8, 5.81, 2.6, 4.22
3LV0310AAZ5BVL06B1AU1YGZUNKDKM_1, 45 minutes, 0, 1, 24.40, 25.83, 18.51, 15.69, 36.75, 1.89, 2.75, 2.5, 1.25, 0.96
3LV0310AAZ5BVL06B1AU1YGZUNKDKM_2, 45 minutes, 0, 1, 30.40, 28.50, 13.77, 14.84, 38, 20.29, 2.8, 2.39, 3, 2.24
3LV0310AAZ7UO39UCWLZNYY1B3BDKS, 60 minutes, 0.4, 4, 1.93, 1.50, 4.32, 3.35, 11.4, 6.35, 0, 0, 0, 0
3LV0310AB0FIJI1LDLADGNAZ3BMKDF, 15minutes, 0.03, 1200, 11.20, 10.67, 7.32, 7.35, 24.4, 8.96, 2.4, 2.7, 1.8, 1.48
3LV0310AB0LE2KPSDVZ5QZ931M3DKU, 60 minutes, 0.03, 360, 27.93, 26.83, 21.92, 20.85, 32, 24.38, 4.6, 3.97, 3.4, 3.97
3M35MA94IX9MX6PXAQCG5JTOJ1HNO3, 60 minutes, 0.03, 10, 33.47, 31.33, 25.60, 24.96, 43.2, 12.24, 5, 5.66, 3.4, 3.13
3M6KHLIXGO95W4HFFOS373KMUDHIRT, 60 minutes, 0.5, 2, 42.60, 41.50, 22.07, 18.46, 70.4, 17.46, 5, 4.69, 9.4, 3.71
3ME56J5KH09H8MTADW07EI1HZMYC6P, 5 minutes, 0.01, 5, 48.53, 48.33, 27.84, 32.00, 55.2, 26.74, 5, 5.57, 7.6, 7.3
3ME56J5KH0A6OHM7NB7LNJZ2KW86CO, 2 minutes, 0.05, 9515, 35.20, 32.17, 25.46, 25.73, 40.8, 27.01, 5, 7.28, 5.4, 6.47
3MGKBFT74NRL5KAEINTLHYIV1ONSJ5, 30 minutes, 0.03, 133, 24.93, 21.67, 17.75, 15.00, 36.4, 12.18, 3, 2.12, 3.2, 1.64
3MHMBB6SGFYXPF5WOO57T0Y1YOLKW9, 60 minutes, 0.02, 108, 34.40, 34.17, 27.73, 27.94, 52, 50.44, 6.4, 8.44, 9.6, 9.66
3MK14RC5NS9WDGLCZVLGWCZQJ24T6G, 45 minutes, 0.01, 355, 5.67, 6.17, 6.23, 7.74, 21.6, 8.29, 0.6, 1.34, 0.8, 1.3
3MK14RC5NS9WDGLCZVLGWCZQJ2BT6N, 45 minutes, 0.02, 17912, 37.53, 36.67, 7.65, 14.03, 33, 17.99, 1.4, 1.14, 1.2, 0.84
3MKP0VNPL180YVBEBVOO0GDECBIJRU, 3minutes, 0.2, 10, 56.80, 53.67, 19.56, 15.85, 80.6, 27.28, 10.6, 5.37, 9, 3.16
3MNPSGWWOQV9GBTQIUTZ7HIZXBCPUY, 24 hours, 0.15, 36, 32.73, 31.83, 20.11, 18.91, 54.4, 24.55, 3.6, 4.98, 4, 3.74
3MNYFQMXON9G1T2C2HOQSK4JSIPY01, 7 days, 0.06, 3, 12.87, 11.17, 15.30, 11.03, 31.4, 6.11, 3.4, 3.71, 2.4, 1.82
3MQJWSYXNGSYPF0J90X7JRB4GS9O5U, 8 hours 11 minutes, 29.5, 1, 70.00, 66.83, 10.27, 14.07, 109.8, 24.09, 15.2, 3.49, 17, 2.83
3MQJWSYXOHGDXJ3GAF96UH2KF625OC, 2 hours, 0.8, 1703, 52.73, 53.83, 17.32, 15.51, 73.6, 24.14, 12.4, 3.78, 12.6, 4.22
3MXFP9RGE565H89AY0KXMF94YTQB2U, 60 minutes, 2, 1, 37.13, 33.50, 27.82, 24.82, 62.4, 32.35, 10, 9.38, 11.4, 7.99
3MXFP9RGE565SQ20JA2GC60T4U4B22, 60 minutes, 0.02, 15, 29.13, 26.83, 15.28, 13.66, 34.6, 14.01, 7, 5.1, 4.8, 3.96
3N9FD9XF48K5Z4R4YKZ4XC3B2YYEVL, 10 minutes, 0.07, 616, 27.27, 24.83, 24.27, 22.91, 40.2, 9.04, 3.2, 3.11, 4.8, 4.55
3NAD71TD8V1W7T0ET8V40F6WWDIL2U, 60 minutes, 0.06, 2503, 39.00, 36.67, 13.16, 10.70, 39.4, 10.92, 6.8, 2.86, 6.8, 2.17
3NCF7G1XJIORLK6VK0UD85LOJVCNAC, 15minutes, 0.02, 26, 41.40, 41.33, 19.43, 18.75, 59.2, 19.82, 7.8, 4.49, 7.2, 4.44
3NCF7G1XKJPJCCJPOHEQSUA1GNWANP, 30 Minutes, 0.04, 86, 47.67, 41.17, 23.13, 19.46, 59.4, 16.96, 6.8, 4.76, 8.2, 3.9
3NCF7G1XKJPJCCJPOHEQSUA1GNWANP_1, 30 Minutes, 0.04, 86, 35.47, 32.83, 15.38, 15.79, 41, 10.2, 7.8, 4.49, 7, 3.46
3NCF7G1XKJPJCCJPOHEQSUA1GNWANP_2, 30 Minutes, 0.04, 86, 50.00, 46.50, 12.57, 4.69, 69.4, 24.54, 9.4, 1.82, 8.2, 1.48
3NE6EBGK47BU93BYGGU8IB2LO7NE35, 2 hours, 2, 1, 42.87, 39.83, 17.60, 18.91, 66, 28.03, 7, 6.2, 8.6, 7.47
3NJ4SYXGOJ3OVMOHUVEMN5U7Y2PBNN, 5 minutes, 0.04, 89, 44.47, 43.33, 11.99, 14.04, 43.8, 27.09, 2.6, 1.95, 6.2, 4.66
3NJ4SYXGOJ3OVMOHUVEMN5U7YYPBNF, 30 minutes, 0.04, 445, 39.47, 40.17, 9.83, 9.31, 47.25, 14.93, 6.25, 3.86, 5, 2.94
3NJ4SYXGOJNVJBRMT3TGCL1CL9UBNQ, 5 hours, 0.3, 1, 22.13, 23.00, 16.12, 19.15, 38.33, 2.08, 5.67, 2.08, 1.33, 0.58
3NVVDJT9G6OIY2RUWWJCMM9P5JCPXO, 60 minutes, 0, 1, 0.93, 1.00, 1.30, 1.49, 17, 14.14, 0, 0, 0, 0
3NXBKB5598TPF5MRSRS8QPZELKSL9C, 5 days, 0.15, 14, 19.20, 18.67, 8.36, 6.08, 40, 12.49, 6, 0, 4.67, 1.15
3O5YJYPUSW7TWBM6KNWM44WLFH8KON, 1 W 3 days, 0.3, 1, 55.13, 53.50, 25.89, 20.98, 82, 0, 11, 0, 11, 0
3O73QR1UY8O4VXGQ4UMU1W2GKFC94M, 60minutes, 0.05, 14, 18.80, 18.33, 13.08, 13.60, 36.2, 30.19, 4.6, 5.73, 4.2, 3.35
3O73QR1UY8O4VXGQ4UMU1W2GKGC94O, 60 minutes, 0.05, 2, 28.33, 27.67, 16.86, 16.61, 32.2, 12.17, 2.6, 2.97, 2.8, 3.7
3OBCKNXF1ZHFXL8XUNXW3AYWZX5J3K, 60minutes, 0.07, 3887, 37.27, 32.33, 34.37, 31.13, 61.6, 45.92, 6.8, 8.17, 7, 6.24
3OJGK8O6MRNHZCTYHMEFS503K2OL5K, 3 hours, 0.6, 354, 50.93, 50.17, 21.85, 23.13, 85.8, 36.71, 12.4, 6.39, 11, 6.16
3OQEO5BIM1SME8SFQJ108NKG2ZKU9F, 60 minutes, 0.2, 9, 21.73, 19.50, 17.43, 17.75, 41.2, 15.61, 3, 2.65, 5, 3.94
3OQEO5BIM1SME8SFQJ108NKG2ZKU9F_1, 60 minutes, 0.2, 9, 41.00, 38.67, 17.99, 17.22, 49.4, 20.67, 9.2, 5.81, 8.6, 4.22
3OQEO5BIM1SME8SFQJ108NKG2ZKU9F_2, 60 minutes, 0.2, 9, 38.80, 37.17, 9.41, 12.34, 60.2, 17.5, 7.8, 3.35, 6.6, 5.27
3OQEO5BIN29PS6BYUHRH0ABF87P9UL, 2 hours, 0.9, 1, 46.00, 43.17, 25.75, 25.91, 59.6, 16.83, 6.4, 7.57, 10.4, 6.27
3OR6S1RAC52TCC0V5OHKA3WQNHZAGY, 60minutes, 0.05, 1085, 50.33, 53.83, 24.46, 26.40, 66.4, 17.95, 10.4, 7.96, 11.2, 6.34
3P15LLOAR9NU663LLUNNP8EDOYG9ZV, 60minutes, 0.1, 53, 16.00, 17.33, 15.54, 16.89, 30.6, 17.16, 4.4, 5.55, 3.8, 3.03
3P6UG6V268Y9VTMB4YR44MFGIGC4NX, 10 minutes, 0.35, 50, 13.87, 12.33, 13.26, 11.89, 28.4, 9.5, 2.6, 2.41, 1.6, 0.89
3PBMWYW3D44FHQ3H0CBK078FM1J2XZ, 60 minutes, 0.06, 3, 22.40, 20.83, 24.50, 21.85, 32.6, 16.77, 4.4, 3.65, 4.4, 5.13
3PBMWYW3D4VOVNNOVMGLZF23LEGX22, 30 minutes, 0.04, 5, 14.20, 14.83, 18.80, 14.97, 27.2, 16.63, 2.2, 2.77, 2.2, 2.95
3PBTVBPQ8T2RUQ4LSR4U2IGAMAGLG7, 10 minutes, 0, 677, 19.33, 15.50, 15.78, 12.10, 32, 25.3, 2.6, 3.78, 1.4, 1.67
3PBTVBPQ9UHWF8TU0BNM18QB456LGV, 15 minutes, 0.02, 35, 29.20, 28.00, 6.87, 9.51, 33, 6.2, 3.6, 2.88, 3.4, 1.67
3PBTVBPQ9UJW25OVYU5DFTVY5MMGLK, 7 daysays, 0.15, 6, 30.07, 29.67, 22.73, 24.02, 43.4, 22.21, 4.6, 3.71, 4.2, 4.49
3PBTVBPQ9UJW25OVYU5DFTVY5MMGLK_1, 7 daysays, 0.15, 6, 24.40, 25.00, 8.44, 10.29, 38, 22.35, 4, 1.87, 4.4, 1.52
3PBTVBPQ9UJW25OVYU5DFTVY5MMGLK_2, 7 daysays, 0.15, 6, 30.93, 29.00, 17.99, 18.36, 47.5, 14.34, 5.5, 4.36, 6.5, 5.69
3PHLPV04IQDPW55WV8WBZJA231AP7O, 60 minutes, 0.1, 27, 39.73, 40.17, 19.22, 18.96, 50.6, 12.93, 7, 5, 4.8, 4.21
3PLXPMD6WGC7AIQBYMRH2GBAFTWKBJ, 15 minutes, 0.15, 2595, 27.67, 26.17, 9.56, 8.63, 42.4, 8.85, 5, 4.95, 3.8, 2.59
3PN7FLVWM45PCCC3MA18W1ODE9IYSJ, 20 minutes, 0.03, 973, 53.07, 45.83, 16.19, 16.65, 63.6, 24.7, 9.2, 5.76, 9.4, 6.31
3PN7FLVWM45XULC6NHQRXFJ9Z5WSYC, 3 hours, 0.5, 1, 47.67, 41.67, 23.01, 22.49, 66.2, 33.74, 8.2, 7.82, 11.8, 5.93
3Q4WZ5V3MNIH1FT2QKH2OURKHS1UGI, 30 minutes, 0.05, 11486, 23.47, 22.83, 17.72, 16.51, 34.2, 15.16, 4.2, 4.21, 4.6, 4.67
3Q9ARQ9ZAP4L7I0LVYTFN28MIJR3MM, 60minutes, 0.4, 1, 24.40, 24.17, 17.23, 16.46, 45.4, 23.38, 6.4, 5.27, 3, 1.87
3Q9ARQ9ZAP4L7I0LVYTFN28MIJR3MM_1, 60minutes, 0.4, 1, 25.33, 25.33, 24.86, 25.53, 55, 35.78, 3.8, 4.21, 4.6, 4.45
3Q9ARQ9ZAP4L7I0LVYTFN28MIJR3MM_2, 60minutes, 0.4, 1, 30.13, 26.00, 24.43, 21.44, 45, 36.63, 3.2, 4.44, 4.6, 7.13
3QKP95RWR0AXY9I3VQ7SL2A7LGY5XG, 7 days, 0.05, 2, 29.80, 30.00, 26.60, 24.39, 72.67, 46.52, 5.67, 4.73, 8.67, 5.77
3QLL1RLFYUJL8BWXI76KVR6VTA8G40, 20 minutes, 0.05, 1, 40.73, 43.33, 17.64, 16.26, 44.8, 16.59, 7.2, 5.17, 8.2, 3.9
3QNALI7B4S6VALH9K67QLF1VCK3Z5B, 60 minutes, 1.5, 219, 45.27, 42.50, 30.24, 26.71, 51.25, 15.13, 3, 6, 9, 8.25
3QNALI7B4SD1ONKL4C5DCUTXSZAZ55, 1 hours, 0.01, 59740, 19.08, 18.33, 13.55, 13.99, 29.25, 12.34, 1, 1.15, 3.25, 5.85
3QPQKLUN2S87R374XHKKL49YI4M6SW, 30 minutes, 0.1, 592, 13.07, 11.33, 16.56, 13.03, 23.5, 13.89, 0.5, 0.58, 1, 1.15
3QXBZN23LG7N3HYFNCCOI0H4ZPJXNQ, 5 minutes, 0.05, 1, 38.47, 34.50, 32.67, 29.52, 43.4, 27.72, 5.8, 7.46, 3, 3.94
3R0WG3C6FAYXA2OVFH1MKSVV7DKWL8, 10 minutes, 0.05, 342, 30.80, 31.50, 21.57, 28.03, 54.75, 39.3, 6.25, 8.66, 6.5, 8.43
3R35RPFD7J1GHLW8Y5PUB7E29XSP1C, 10 minutes, 0.02, 84, 23.73, 24.00, 27.96, 23.79, 46, 32.12, 3.5, 3.42, 2.5, 1.91
3R35RPFD8KSAWMKG8PKUBRZ71RYP19, 60 minutes, 0.03, 6009, 22.13, 25.50, 17.44, 21.57, 29.8, 20, 6.2, 5.93, 2.6, 3.29
3R35RPFD8KW5RVQQX9OYA2WSE711PN, 30 minutes, 0.15, 77, 36.27, 39.33, 10.92, 12.11, 51.4, 10.36, 8.8, 6.57, 4.6, 3.13
3R39EOJX7B7B0RBVIOI0YF8QUNBFFR, 10minutes, 0.03, 7224, 12.53, 11.50, 17.80, 13.40, 19.8, 15.3, 1.2, 1.1, 1.8, 2.49
3R39EOJX7BI6S1MO8YC8O4DE709FF7, 5minutes, 0.05, 3082, 12.83, 12.50, 6.13, 5.57, 19.75, 11.41, 0.25, 0.5, 0.5, 0.58
3R7DCNC1NO24TFH8BGUHQFOR9KEUDP, 60 minutes, 0.05, 399, 35.73, 33.67, 14.69, 15.15, 46.5, 9.4, 10.25, 0.96, 7.5, 3.51
3R7DCNC1NO24TFH8BGUHQFOR9KEUDP_1, 60 minutes, 0.05, 399, 34.13, 33.83, 16.18, 17.87, 41, 18.07, 6.8, 6.1, 5.6, 2.88
3R7DCNC1NO24TFH8BGUHQFOR9KEUDP_2, 60 minutes, 0.05, 399, 41.33, 35.67, 25.39, 20.51, 54.6, 32.52, 9.8, 6.02, 8, 6.12
3R7DCNC1NOV5HU26IA2C7R0658YUDF, 30 minutes, 0.35, 1, 55.67, 55.83, 9.22, 12.49, 87.8, 19.63, 13.2, 3.83, 10.6, 3.97
3R8MKH13HFEBE45LFXZBD3ZAAT6QLU, 60 minutes, 0.04, 1, 77.07, 67.50, 14.64, 11.43, 94.8, 40.15, 18.8, 1.64, 19.8, 0.45
3R8NDUBSE5C5KWKOVCROU8T8BNKK4W, 60 Minutes, 0.01, 1, 3.33, 2.83, 2.82, 2.80, 12.4, 7.7, 0.4, 0.89, 0.8, 1.3
3R8NDUBSE5CIIDI6K37BBGYS2U64KU, 5 minutes, 0.04, 1, 13.13, 10.50, 21.55, 17.30, 24.2, 31.78, 0.4, 0.89, 1.6, 3.58
3R8NDUBSE5CRYRKXR6M9AB02Z7L4K5, 30 minutes, 0.15, 878, 34.80, 33.50, 15.33, 14.20, 42, 12.53, 4.8, 3.63, 3.6, 2.97
3R8NDUBSF67O3EBOSQ1IL6C0CLD4KT, 5 minutes, 0.03, 589, 51.20, 49.17, 12.06, 13.77, 74, 16.45, 6.6, 6.23, 9.2, 5.36
3RPY1MM09GJ0DPT9E5P5CCJTRTWMHE, 15minutes, 0.05, 1, 52.27, 51.17, 21.61, 26.22, 58, 15.38, 8.6, 7.57, 7, 5.24
3RRYB8LG3ZH82HFOZGL7ANT68BKKUX, 5 minutes, 0.1, 1, 22.40, 20.00, 22.17, 18.89, 27.2, 22.42, 3.2, 4.15, 2.4, 1.82
3S1POB7GU8DKAHGA5W96UXZRMJ8QU4, 7 days, 0.1, 20, 15.87, 15.83, 14.14, 15.00, 33, 16.64, 4.6, 5.46, 4.4, 4.83
3S4LLGXSV3FZU47VRD0W7FI7RKKAOY, 60 minutes, 0.03, 1391, 13.27, 13.50, 17.34, 17.68, 27.4, 24.55, 2.6, 3.21, 2.2, 3.19
3S8DC08I2JZOJ6XAR5ADV2RBM80EJJ, 3 minutes, 0.04, 1, 62.40, 57.67, 22.90, 21.17, 60.8, 24.1, 10.6, 6.07, 12.8, 4.32
3SBA6YTBY276L0SZ55XU5R7VV8FOBP, 3 minutes, 0.2, 64, 43.20, 45.67, 38.28, 38.61, 58.2, 38.04, 5.4, 8.29, 8, 8.22
3SFRD5IA5Z34MMJO249XJPJMVUHFBF, 60 minutes, 0.1, 1, 32.40, 29.33, 29.52, 27.46, 52.6, 37.62, 5.2, 7.43, 6.4, 8.38
3SI493PTSWP5AHPBIVTI1I8D7X4ZDI, 5 minutes, 0.04, 1618, 33.80, 30.00, 22.49, 21.61, 41.8, 9.83, 3.2, 4.15, 3.8, 4.44
3SI493PTSWP6VJGGSL9VZHEJP2GDZ2, 60 seconds, 0.02, 19, 18.87, 19.67, 20.48, 22.50, 39.4, 19.4, 2.8, 4.15, 1.2, 1.64
3SIEQXXS6F7PLDK653FBMIWP0ADQ4C, 60 Minutes, 0.2, 273, 24.93, 25.50, 17.83, 19.72, 43.6, 28.01, 1.2, 1.79, 2.2, 2.68
3SJ1BZ9YMZFJKL9JAYIH6SXUEFF7N6, 60 minutes, 0.05, 18, 10.13, 8.33, 9.40, 6.43, 24.4, 16.74, 1.2, 2.68, 0.4, 0.89
3T1550FWLKIS93DC7DPTY5M29UHWXP, 60minutes, 0.1, 1906, 17.13, 19.17, 9.65, 12.82, 32.4, 8.93, 2.6, 3.13, 2.2, 1.48
3T6HLR4BXW5RX3QYFIC2AVGBFN389Y, 60 minutes, 0.05, 1, 14.53, 13.17, 22.38, 19.47, 26.2, 26.34, 3, 6.16, 2.4, 5.37
3T6HLR4BXW65EY3SGXC7I8IJLZ589G, 2hours, 0.03, 136, 23.40, 26.50, 25.39, 24.39, 56.8, 26.53, 5, 6.56, 5.6, 6.23
3T6HLR4BXW65EY3SGXC7I8ILF1889L, 60minutes, 0.05, 215, 29.67, 30.17, 27.11, 27.33, 28.6, 22.59, 3.4, 3.44, 4.8, 4.82
3T6UNEUZ5USMH6KL5FCL3O350KM199, 10minutes, 0.02, 15, 37.33, 34.33, 19.42, 18.89, 38.8, 5.36, 5.4, 6.23, 5.2, 5.59
3T6UNEUZ5USMH6KL5FCL3O350KM199_1, 10minutes, 0.02, 15, 10.33, 8.33, 9.66, 6.80, 18.4, 12.24, 0.6, 0.89, 0.6, 0.89
3T6UNEUZ5USMH6KL5FCL3O350KM199_2, 10minutes, 0.02, 15, 17.40, 19.00, 17.07, 22.00, 29.6, 32.53, 3.4, 6.54, 3.2, 6.1
3TCGLRK8ZGNA4CQP60QJDQBQH1MZQ6, 60 minutes, 0.6, 3, 35.80, 32.83, 20.85, 21.59, 52.8, 27.56, 8.4, 3.21, 7.4, 6.58
3TFUINTXMP1P2TVK22ZNBIA74UYT95, 60 minutes, 0.05, 294, 43.27, 45.67, 15.07, 6.60, 60.2, 12.89, 8.6, 5.32, 10.8, 3.27
3TFUINTXNQRB8MQUNU8RNTUAF5A9TC, 10 minutes, 0.07, 753, 9.87, 8.00, 10.49, 6.73, 10.6, 8.02, 0.8, 0.84, 1, 1
3TJJ8HSJVIOUEEITVOXS8LA6BWX82U, 60minutes, 0.05, 21, 31.20, 35.17, 12.54, 13.00, 55.4, 31.06, 7.2, 7.73, 5.4, 6.07
3TJJ8HSJWJ7V3WKXYD3KKOVHU4N28W, 60 minutes, 0.02, 20, 20.20, 16.67, 14.67, 10.75, 46.25, 27.83, 4.25, 4.19, 3.75, 4.35
3TO8OQV8RRE8TSS50K77OY4BTUOOLO, 60 minutes, 0.1, 40, 23.33, 20.67, 17.45, 15.84, 30.2, 13.44, 3.2, 2.28, 2.2, 1.79
3TR9CMHN3N8E2YCNTAQUMF33CUSBB8, 5 minutes, 0, 1, 38.13, 40.33, 38.80, 38.94, 50.2, 28.52, 7.8, 7.79, 8.2, 7.56
3TYSWKZBELVFE846EGCGPUMG5XR7G5, 7 days, 0.03, 3880, 27.00, 23.33, 21.17, 16.24, 42, 22.77, 4.2, 4.09, 4.2, 4.49
3TYSWKZBFMLN72JJOTFJJEIWD9HG7U, 60 minutes, 0.07, 244, 26.60, 26.50, 15.59, 16.53, 44.6, 20.42, 4.6, 3.65, 4.2, 4.38
3U2H1DGWOPTCKLUQYVRKVZHY3Q4F4G, 2 days, 0.04, 335, 28.53, 29.00, 20.90, 20.17, 47, 21.27, 6.2, 8.07, 6.2, 5.89
3U47UEJKWC6S8AEVXI8SUW72VHPLB6, 2 hours, 2.8, 1, 60.33, 55.50, 20.20, 16.67, 71, 19.71, 13.6, 4.28, 13.8, 3.63
3U47UEJKWC7M32113CRLFBCBUKFBLV, 60 minutes, 0.05, 22, 12.47, 12.17, 8.58, 9.49, 28, 9.35, 2, 2.35, 1.4, 2.19
3U47UEJKWC8E1D3WG0VTNM1UKCYBLF, 3 minutes, 0.01, 139, 14.87, 14.00, 9.31, 8.40, 20.6, 14.36, 0.8, 1.1, 0.8, 0.84
3U47UEJKXD5R38RUXLMDWG1BUJXLBR, 60 minutes, 0, 12, 25.93, 24.17, 21.99, 21.02, 42.2, 21.66, 5, 5, 3.8, 4.27
3U6BJ3K2B9GQGJVT0E99IGFE7I2MEG, 40 minutes, 0.05, 112, 29.53, 26.83, 18.63, 16.17, 43.8, 19.1, 2, 2.45, 3.4, 2.79
3UEL82N5TO6EUK0Y8E9LV0DUVX2NTJ, 60 minutes, 0.04, 851, 54.47, 52.50, 17.54, 20.01, 100.8, 43.41, 16.4, 4.98, 17.6, 5.37
3UEL82N5TOKN43E6MBDHCIJ23C3NTV, 60 minutes, 0.15, 3188, 49.40, 48.00, 15.01, 17.86, 66.4, 44.37, 9.8, 4.71, 9, 6.16
3UKAYM2G38LNW9YPLTZSPTC333T903, 60minutes, 0.05, 18, 34.93, 38.17, 9.25, 9.51, 49.6, 11.59, 4, 1.41, 5.6, 3.51
3USMLONC9E5MDB1GD7ZQ6SDG14K85P, 2hours, 0.08, 1173, 16.73, 17.50, 20.56, 23.33, 40, 21.2, 1, 0.71, 2.2, 1.3
3USZNBD0ID5Y2E7UC1NHCD5VH1M51A, 60 minutes, 0.01, 40, 16.67, 14.00, 19.86, 17.17, 28.2, 16.27, 2, 2.35, 1.8, 1.48
3UV3KC5DTGMOGZ30EI3U2F567A15CS, 5 minutes, 0.06, 26, 46.73, 45.67, 27.74, 29.55, 57.8, 26.53, 6, 6.32, 8.2, 7.76
3UXCLCQO1UDWROO910PGOYLD3QJ20A, 60 minutes, 0, 2, 23.07, 22.67, 15.90, 15.72, 34, 11, 4.2, 3.03, 5.2, 3.35
3UXCLCQO2V425H8F0OVWTKIEO3N20G, 60 minutes, 0.3, 1377, 27.87, 27.33, 7.54, 9.76, 42.8, 7.79, 4.6, 3.29, 5, 2.65
3VHU2SWT3EI2EPQKMFU0IXHUUZKSPE, 24 hours, 0.5, 18, 23.40, 23.17, 11.61, 15.39, 41.6, 20.79, 3.4, 2.19, 5, 3.54
3VKCYEEK5GTFPTFE2CSUAPH4AEKG1E, 1 hour 40 minutes, 0.35, 5, 61.53, 62.33, 16.38, 18.37, 87.4, 26.21, 14.8, 3.63, 13.8, 1.1
3VKCYEEK5GTFPTFE2CSUAPH4AEKG1E_1, 1 hour 40 minutes, 0.35, 5, 62.80, 54.00, 9.04, 6.62, 75.4, 20.84, 12.4, 6.58, 12.2, 6.5
3VKCYEEK5GTFPTFE2CSUAPH4AEKG1E_2, 1 hour 40 minutes, 0.35, 5, 35.33, 30.50, 22.95, 20.13, 49.6, 9.71, 4.8, 5.89, 5.2, 3.27
3VNGVF6XGJQ1QLT33BZ7QKAQGJTGC8, 2 hours, 0.07, 2676, 23.13, 22.00, 20.46, 19.39, 45.6, 15.77, 6.6, 6.15, 6.4, 7.67
3VNVHCMRM39PCV9YY08XQFC2ASTW7K, 20 minutes, 0.5, 1, 38.07, 36.50, 21.09, 18.94, 47.6, 24.79, 5.2, 5.4, 5.2, 5.02
3VPHDNYYW05RMXRPFB37FMZTE8FOX6, 60 minutes, 0.1, 1, 9.33, 10.00, 13.00, 14.91, 5.25, 3.1, 0, 0, 0, 0
3VS2P0ED9S8WCYR5XKUI3WE62NIZOD, 30 minutes, 0, 200, 35.67, 33.33, 22.02, 23.50, 47, 25.22, 6.8, 5.89, 6.4, 3.36
3VS2P0ED9S9HPWVU5TDRGGPE3WLOZL, 60 minutes, 0.2, 1, 23.53, 23.67, 18.46, 18.60, 33, 24.62, 5, 4.58, 2.6, 1.52
3VTCTNDIMBI4MSZRCFZ5EXG7KAVTGQ, 3 minutes, 0.02, 110, 46.40, 42.33, 18.32, 15.96, 42.4, 15.18, 6.2, 2.68, 6, 3.94
3VXAY8PX9568FZGV4FQLLH1QFO0UBC, 3 Minutes, 0.07, 1, 23.40, 26.67, 16.40, 16.18, 28.75, 19.96, 4.25, 4.35, 3.5, 3.7
3VXAY8PXA67ITFS0HYENNTH6AGPBUQ, 3 hours, 0.25, 1, 30.07, 31.17, 18.82, 21.13, 54, 16.67, 5.75, 6.13, 7.25, 6.4
3W718UE9EUVUJGAIW7WCSAJ232S8KV, 40 minutes, 0.03, 1, 2.80, 3.50, 5.90, 7.37, 6.2, 4.76, 0, 0, 0, 0
3W7EAH4XLRRHWHV8PSJNN5I48Z5K1Z, 7minutes, 0.04, 1104, 8.73, 7.83, 8.67, 8.05, 21.6, 8.44, 0.6, 0.89, 2.6, 4.72
3WAI7IWAXVDPIQMZBUA6WKWKGBTKCH, 10 minutes, 0.06, 2558, 45.33, 47.67, 25.88, 27.96, 58.4, 38.03, 7.8, 8.14, 8.2, 6.02
3WNTBWVI6HTKT402X941XY1LBXF1DP, 30 minutes, 0.04, 78, 58.00, 51.00, 40.82, 38.34, 86.8, 42.42, 10, 8.46, 11, 9
3WNTBWVI7IICS3U5SPMYXHW39RR1DW, 60 minutes, 0.1, 1, 25.33, 22.17, 18.30, 18.13, 36, 22.17, 4, 5.05, 4.8, 5.76
3X3BKUX7FNI4TQBH6Z6BCBN743AUUW, 20 minutes, 0.05, 1, 2.07, 1.67, 4.62, 3.73, 7.6, 11.5, 0.6, 1.34, 0.4, 0.89
3XCMB0010Q8CROANL93DZ0TZ7HDP3B, 10 minutes, 0.03, 6, 23.93, 24.17, 16.25, 19.70, 35.4, 7.44, 5.8, 7.98, 1.6, 1.14
3XFOW6US4G39LHGXH58DQK2U59EF7W, 10 minutes, 0.06, 4, 42.87, 36.83, 19.79, 15.47, 46.8, 23.66, 4.6, 4.22, 7.2, 7.05
3XH5NKQXD1CEK1G2OFNXP2YO5CGQ1D, 10 minutes, 0.05, 6, 30.67, 28.00, 15.16, 16.82, 44.4, 17.67, 5.2, 4.32, 4.6, 4.77
3XKJYHBF1PGIGZAV82J26HU67K1S94, 45 minutes, 0.13, 13523, 35.00, 32.33, 19.83, 19.81, 45.2, 4.76, 5.8, 4.38, 6.2, 6.02
3XKJYHBF2QXEJ36G795O9QJC5X59SV, 11 hours 47 minutes, 0.02, 1, 6.80, 5.67, 7.11, 5.93, 16.8, 8.53, 0.6, 0.89, 0.4, 0.55
3XLULPCEJ5A20HTSPHJ11BGOHJ2K00, 24 hours, 0.1, 63, 12.53, 11.00, 9.86, 8.63, 23.8, 10.45, 1.8, 1.92, 3, 2
3XLULPCEK6XSKDKZU2VPQEQSWADK07, 15minutes, 0.05, 3923, 38.87, 40.33, 12.96, 13.00, 53.4, 29.1, 7.6, 6.58, 4, 3.74
3XOONX5XJ4G5CUJT3GITEEBP8TAR9P, 45 minutes, 0.02, 7, 16.67, 16.67, 11.23, 11.44, 17, 12.19, 1, 2, 2.5, 3
3XQ5ITPVUWC5A41L5RJWP1DP30VQTX, 7 days, 0.03, 50, 23.33, 19.67, 28.12, 22.73, 38.25, 17.69, 4.25, 5.44, 4.25, 5.44
3XQ5ITPVUWCZXHDQO612ZU9R46PQTU, 60 minutes, 0.04, 2161, 43.60, 39.67, 32.45, 27.42, 69.2, 34.54, 8.2, 10.35, 12.8, 9.96
3XQ5ITPVVXEK5RIJJ0S4JMU41HATQO, 60minutes, 0.05, 24476, 19.80, 20.17, 16.26, 14.99, 33, 10.77, 1.8, 2.05, 3.4, 2.7
3XXLL7ZNZBX2S1C8S0AVX01M47X2SM, 60 minutes, 0.1, 131, 41.80, 41.17, 12.90, 13.68, 59, 23.41, 9.8, 3.35, 7.4, 5.27
3Y6OYEUGD7DBA3Z0UX7LVDP3LCIS5W, 5 minutes, 0.1, 1, 8.60, 8.17, 14.14, 14.12, 23.8, 11.08, 1.4, 2.61, 1, 1.73
3YATNUOYWN28VJEWP8MVZLA65TU5R8, 60 minutes, 0.01, 16, 46.47, 43.83, 12.87, 12.56, 59.4, 13.07, 12, 4.42, 10, 5.7
3YE2HAAZLWT35EOEU3RFNMQ5RC4ZU3, 7 minutes, 0.15, 5, 18.33, 16.67, 21.44, 22.82, 29.6, 18.42, 3, 3.16, 2, 2.92
3YJAOW5N8OU26Z949MJ65YS6Q7GNS0, 60 minutes, 0.2, 1, 10.00, 9.17, 11.55, 11.24, 35.4, 6.39, 1.8, 2.05, 0.4, 0.89
3YJAOW5N8OUDFKNJJE4VLVI018MNS9, 60minutes, 0.04, 6512, 62.40, 52.50, 10.34, 8.50, 65, 39.73, 9.5, 7.55, 19.5, 0.58
3YJAOW5N8OUDFKNJJE4VLVI0YDQNSK, 60 minutes, 0.04, 10809, 59.80, 54.50, 19.18, 22.67, 95.4, 44.25, 13.4, 9.04, 17, 5.2
3YJAOW5N9PI929Z2OH5BG1NQ7AGNSB, 7 days, 0.3, 2, 61.33, 56.83, 24.06, 21.09, 83, 27.57, 13.4, 9.1, 13.8, 8.56
3YKHA5XMY4LNHWQDYI2RHLTBGR3A75, 3 hours, 0.05, 1, 18.60, 18.17, 13.49, 16.33, 42.2, 32.76, 4.2, 5.31, 2.6, 4.22
3YNFDCZ5Q3U1E5N64P4QVLD4C30NR9, 60minutes, 0.04, 4409, 64.07, 59.67, 18.45, 11.90, 112, 38.29, 14.4, 7.13, 19, 1.73
3YNFDCZ5R4IX1UZP9S56QRIUL8YNRO, 10 daysays, 0.3, 2, 50.60, 47.17, 18.39, 13.21, 68.2, 25.93, 10.6, 7.13, 12.4, 8.17
3YR6VNT52416IC86SLGIIDTF4TWB78, 10 minutes, 0.05, 29, 53.33, 51.33, 22.12, 26.97, 63.6, 22.86, 8, 7.21, 6.8, 6.72
3YR6VNT5352GKULNOMVIY5386U67BS, 5 hours, 1, 1, 22.20, 22.50, 20.53, 22.67, 50.8, 26.36, 6.2, 6.8, 5.8, 5.54
3YS67JKWKBRVDSIQ9F8UVFJ1JQRX40, 10 minutes, 0.1, 82, 51.07, 49.17, 19.57, 22.01, 59.4, 34.45, 9, 8.43, 9.6, 7.23
3YS67JKWKBTMNDQ3LRFOMM61VUK4X5, 60 Minutes, 0.1, 71, 39.00, 37.50, 26.47, 22.60, 75, 30.58, 10.75, 7.37, 12, 8.45
3YVLYSYEBF5NUSY0E746VZKOKNG0QY, 5 minutes, 0.03, 192, 33.53, 31.50, 31.89, 32.15, 46.6, 42.5, 4.4, 5.32, 5.2, 6.91
3Z1VWDJDMCSL9FEEWY1JWQIRHY8F8V, 60 minutes, 0.03, 1, 24.47, 22.83, 23.29, 21.87, 45.2, 37.1, 3.6, 4.34, 3.4, 3.44
3Z1VWDJDMCXXDMC10K62ECWQF20F8X, 5 minutes, 0.05, 4805, 21.60, 17.67, 23.86, 19.91, 31.4, 18.51, 3.2, 4.15, 3.8, 4.15
3Z1VWDJDNDED63DNWYEYK1BZJ9X8FQ, 10 minutes, 0.01, 70584, 16.00, 15.00, 10.29, 8.48, 23.2, 13.18, 0.8, 1.1, 1.4, 1.67
3ZAK6NWIZ37QLEUJSP86OBIVCQQ9VS, 10 minutes, 0.05, 499, 2.60, 1.83, 3.17, 2.24, 5.8, 6.02, 0, 0, 0, 0
3ZFB7PFNY1ZJD1XM4GHBRRAA6FG931, 60minutes, 0.05, 51, 20.60, 22.17, 23.68, 27.25, 40, 33.95, 3.8, 4.97, 3.4, 4.22
3ZFB7PFNY1ZJD1XM4GHBRRAA6GF932, 60minutes, 0.05, 4, 30.07, 28.00, 24.57, 24.37, 37.8, 14.91, 4.2, 4.6, 2.8, 2.59
3ZNMTDKQXPRIYI9V3LJLED84I1Z2VB, 60minutes, 0.3, 1, 46.13, 40.33, 27.04, 25.39, 54, 14.68, 7.6, 7.37, 6.4, 4.88
3ZSDUF3VXOXZ44ZW3SE86JT3CR623Z, 60 minutes, 0.05, 6, 45.60, 41.50, 28.11, 25.64, 63.6, 26.28, 6.2, 6.94, 9.6, 8.38
3ZXEP6UEFFQUF1V5KFZ2RFEFLM08OQ, 24 hours, 0.09, 2, 28.80, 27.33, 20.98, 22.60, 41.4, 22.77, 5.8, 4.21, 3, 2
